up,down,mean_length,var_length,mean_time,var_time
5,2,76.28571428571429,547.3469387755102,9.122944672902426,81.14894830160829
