up,down,mean_length,var_length,mean_time,var_time
875,2825,1095.4113513513514,407931.14430357935,0.026357757880836604,0.032039745566638834
