up,down,mean_length,var_length,mean_time,var_time
1,2,72.0,210.66666666666666,26.91550612449646,722.7408192085263
